Date,Year,TripID,Month,SiteID,TP,pH,EC,DOMgL,DOPctSat,rain24,rainsum72
5/9/2019,2019,5/9/2019-1-CWMN,May,HAB010,0.026172,8.01,63,9.98,100.8,0,0.11
5/9/2019,2019,5/9/2019-1-CWMN,May,MEB001,0.063816,7.61,1050,9.94,91.9,0,0.11
5/9/2019,2019,5/9/2019-1-CWMN,May,HAB002,0.026508,7.97,74,9.06,90.6,0,0.11
5/9/2019,2019,5/9/2019-1-CWMN,May,NER075,0.033144,7.75,31,8.24,83,0,0.11
5/9/2019,2019,5/9/2019-1-CWMN,May,MLB024,0.030696,7.8,31,9.68,88.5,0,0.11
5/9/2019,2019,5/9/2019-1-CWMN,May,GEB020,0.027936,7.75,63,12.61,104.1,0,0.11
5/9/2019,2019,5/9/2019-1-CWMN,May,SMB001,0.029976,7.61,10,7.56,82.8,0,0.11
5/9/2019,2019,5/9/2019-1-CWMN,May,MIB030,0.038244,7.54,20,5.45,56,0,0.11
5/9/2019,2019,5/9/2019-1-CWMN,May,NER002,0.146832,7.58,10,6.55,73.4,0,0.11
5/9/2019,2019,5/9/2019-1-CWMN,May,MMB106,0.01518,7.99,10,7.6,80.2,0,0.11
5/9/2019,2019,5/9/2019-1-CWMN,May,WIP002,0.0219,7.98,10,,,0,0.11
5/9/2019,2019,5/9/2019-1-CWMN,May,WIP003,0.025932,7.8,10,,,0,0.11
5/9/2019,2019,5/9/2019-1-CWMN,May,NER040,0.036156,7.66,20,3.76,39.2,0,0.11
5/9/2019,2019,5/9/2019-1-CWMN,May,SPB016,0.038448,7.84,20,7.38,82.7,0,0.11
5/9/2019,2019,5/9/2019-1-CWMN,May,UNB002,0.06882,7.53,586,8.3,74,0,0.11
5/9/2019,2019,5/9/2019-1-CWMN,May,MOB001,0.044988,7.42,41,11.9,110,0,0.11
5/9/2019,2019,5/9/2019-1-CWMN,May,PTB047,0.031968,7.6,512,10.5,99,0,0.11
5/9/2019,2019,5/9/2019-1-CWMN,May,PTB028,0.026904,7.4,41,8.8,87,0,0.11
5/9/2019,2019,5/9/2019-1-CWMN,May,NER200,0.043788,7.34,52,9.9,100,0,0.11
5/9/2019,2019,5/9/2019-1-CWMN,May,NER179,0.033444,7.84,108,11.5,107,0,0.11
5/9/2019,2019,5/9/2019-1-CWMN,May,MOB032,0.051936,7.35,31,9.6,97,0,0.11
5/9/2019,2019,5/9/2019-1-CWMN,May,UNB016,0.05088,7.27,246,11,100,0,0.11
5/9/2019,2019,5/9/2019-1-CWMN,May,UNB014,0.048012,7.37,309,10.2,91.9,0,0.11
5/9/2019,2019,5/9/2019-1-CWMN,May,PTB035,0.049068,7.84,96,8.9,87,0,0.11
5/9/2019,2019,5/9/2019-1-CWMN,May,NER185,0.046608,7.65,97,9.8,97,0,0.11
5/9/2019,2019,5/9/2019-1-CWMN,May,SHB021,0.03234,7.99,10,9.57,94.1,0,0.11
5/9/2019,2019,5/9/2019-1-CWMN,May,THB033,0.035568,7.14,148,10.16,90,0,0.11
5/9/2019,2019,5/9/2019-1-CWMN,May,BMB026,0.029532,7.18,395,8.72,84.8,0,0.11
5/9/2019,2019,5/9/2019-1-CWMN,May,NER080,0.029944,7.35,110,9.78,99.3,0,0.11
5/9/2019,2019,5/9/2019-1-CWMN,May,EAB010,0.03198,7.31,41,10.01,101.9,0,0.11
5/9/2019,2019,5/9/2019-1-CWMN,May,MPB037,0.029796,7.4,20,10.06,98.8,0,0.11
5/9/2019,2019,5/9/2019-1-CWMN,May,BEB025,0.030192,7.28,63,8.77,82.4,0,0.11
5/9/2019,2019,5/9/2019-1-CWMN,May,NER150,0.039732,7.13,63,6.55,66.8,0,0.11
5/9/2019,2019,5/9/2019-1-CWMN,May,MPB088,0.031464,7.38,30,9.61,96.8,0,0.11
5/9/2019,2019,5/9/2019-1-CWMN,May,PQB040,0.031872,7.99,41,9.18,89.6,0,0.11
5/9/2019,2019,5/9/2019-1-CWMN,May,PQB036,0.024948,7.04,20,5.49,56.3,0,0.11
5/9/2019,2019,5/9/2019-1-CWMN,May,NER125,0.03552,7.7,63,6,61.1,0,0.11
5/9/2019,2019,5/9/2019-1-CWMN,May,PEB008,0.053832,7.23,20,9.33,95.6,0,0.11
5/9/2019,2019,5/9/2019-1-CWMN,May,POB040,0.067044,7.21,31,8.9,91,0,0.11
5/9/2019,2019,5/9/2019-1-CWMN,May,HAB006,,,,,,0,0.11
5/9/2019,2019,5/9/2019-1-CWMN,May,PUB022,,,,9.95,92.3,0,0.11
6/13/2019,2019,6/13/2019-1-CWMN,June,SMB001,0.04212,6.96,52,4.65,54.5,0,0.42
6/13/2019,2019,6/13/2019-1-CWMN,June,NER040,0.100848,7,512,2.64,29.7,0,0.42
6/13/2019,2019,6/13/2019-1-CWMN,June,MIB030,0.095844,7.09,335,3.98,44.1,0,0.42
6/13/2019,2019,6/13/2019-1-CWMN,June,NER002,2.484348,6.25,100,3.05,37.4,0,0.42
6/13/2019,2019,6/13/2019-1-CWMN,June,WIP002,0.018684,7.43,20,,,0,0.42
6/13/2019,2019,6/13/2019-1-CWMN,June,WIP003,0.022452,7.28,10,,,0,0.42
6/13/2019,2019,6/13/2019-1-CWMN,June,MMB106,0.053916,7.32,31,4.04,49.7,0,0.42
6/13/2019,2019,6/13/2019-1-CWMN,June,SPB016,0.062964,7.59,97,5.23,64.1,0,0.42
6/13/2019,2019,6/13/2019-1-CWMN,June,MOB032,0.0969,7.05,31,7.8,88,0,0.42
6/13/2019,2019,6/13/2019-1-CWMN,June,UNB002,0.101796,7.17,2760,5.33,51.3,0,0.42
6/13/2019,2019,6/13/2019-1-CWMN,June,NER185,0.080952,7.26,311,7.5,83,0,0.42
6/13/2019,2019,6/13/2019-1-CWMN,June,NER200,0.076068,7.59,379,9.31,98.4,0,0.42
6/13/2019,2019,6/13/2019-1-CWMN,June,PTB035,0.062916,7.48,860,7.59,7.36,0,0.42
6/13/2019,2019,6/13/2019-1-CWMN,June,UNB016,0.057204,7.08,504,9.06,86.8,0,0.42
6/13/2019,2019,6/13/2019-1-CWMN,June,PTB028,0.063096,7.57,364,7.1,73.5,0,0.42
6/13/2019,2019,6/13/2019-1-CWMN,June,PTB047,0.057996,7.25,836,8.2,85,0,0.42
6/13/2019,2019,6/13/2019-1-CWMN,June,UNB014,0.053832,7.08,262,8.58,81.4,0,0.42
6/13/2019,2019,6/13/2019-1-CWMN,June,HAB002,0.0486,7.58,63,6.96,77.1,0,0.42
6/13/2019,2019,6/13/2019-1-CWMN,June,NER075,0.066888,7.51,288,7.63,80.5,0,0.42
6/13/2019,2019,6/13/2019-1-CWMN,June,PUB022,0.103164,7.09,246,9.01,93.6,0,0.42
6/13/2019,2019,6/13/2019-1-CWMN,June,MLB024,0.049188,7.14,199,8.71,86.3,0,0.42
6/13/2019,2019,6/13/2019-1-CWMN,June,HAB006,0.04818,7.44,249,,,0,0.42
6/13/2019,2019,6/13/2019-1-CWMN,June,HAB010,0.047496,7.09,422,7.25,77.8,0,0.42
6/13/2019,2019,6/13/2019-1-CWMN,June,GEB020,0.07014,7.47,197,9.07,88.1,0,0.42
6/13/2019,2019,6/13/2019-1-CWMN,June,NER179,,7.29,,9.5,100,0,0.42
6/13/2019,2019,6/13/2019-1-CWMN,June,MOB001,0.09492,7.09,131,6.6,74,0,0.42
6/13/2019,2019,6/13/2019-1-CWMN,June,SHB021,0.052692,7.11,231,7.98,84.8,0,0.42
6/13/2019,2019,6/13/2019-1-CWMN,June,PEB008,0.08514,7.19,84,6.69,67.9,0,0.42
6/13/2019,2019,6/13/2019-1-CWMN,June,NER150,0.069624,7.34,373,5.52,60.8,0,0.42
6/13/2019,2019,6/13/2019-1-CWMN,June,THB033,0.065616,7.48,183,10.11,97.2,0,0.42
6/13/2019,2019,6/13/2019-1-CWMN,June,NER125,0.03114,7.35,399,4,44,0,0.42
6/13/2019,2019,6/13/2019-1-CWMN,June,NER080,0.063048,7.34,201,8.26,89.7,0,0.42
6/13/2019,2019,6/13/2019-1-CWMN,June,BMB026,0.057588,7.39,156,7.17,74,0,0.42
6/13/2019,2019,6/13/2019-1-CWMN,June,EAB010,0.04686,7.42,301,9.16,98.5,0,0.42
6/13/2019,2019,6/13/2019-1-CWMN,June,MEB001,0.097464,7.14,1450,9.3,92.6,0,0.42
6/13/2019,2019,6/13/2019-1-CWMN,June,PQB040,0.032472,7.38,145,7.27,80.5,0,0.42
6/13/2019,2019,6/13/2019-1-CWMN,June,MPB088,0.08112,7.58,,8.48,90.9,0,0.42
6/13/2019,2019,6/13/2019-1-CWMN,June,BEB025,0.058572,7.25,131,7.43,74.3,0,0.42
6/13/2019,2019,6/13/2019-1-CWMN,June,MPB037,0.035916,7.27,110,8.31,88.1,0,0.42
6/13/2019,2019,6/13/2019-1-CWMN,June,POB040,0.101628,7.01,622,4.59,46.7,0,0.42
6/13/2019,2019,6/13/2019-1-CWMN,June,PQB036,0.06036,7.07,249,1.88,19.7,0,0.42
7/11/2019,2019,7/11/2019-1-CWMN,July,POB040,0.09352,6.74,110,4.03,44.9,0,0
7/11/2019,2019,7/11/2019-1-CWMN,July,NER125,0.08326,6.95,269,3.64,43,0,0
7/11/2019,2019,7/11/2019-1-CWMN,July,EAB010,0.05326,7.21,160,7.23,87.5,0,0
7/11/2019,2019,7/11/2019-1-CWMN,July,PQB036,0.091972,6.61,110,1.04,11.7,0,0
7/11/2019,2019,7/11/2019-1-CWMN,July,PQB040,0.048232,7.09,262,6.13,73,0,0
7/11/2019,2019,7/11/2019-1-CWMN,July,PUB022,0.100732,7.07,839,7.87,88.2,0,0
7/11/2019,2019,7/11/2019-1-CWMN,July,PEB008,0.080836,7.23,20,6.38,70.5,0,0
7/11/2019,2019,7/11/2019-1-CWMN,July,BMB026,0.054244,7.02,282,5.23,60.2,0,0
7/11/2019,2019,7/11/2019-1-CWMN,July,MPB037,0.038692,6.98,10,7.9,94.9,0,0
7/11/2019,2019,7/11/2019-1-CWMN,July,BEB025,0.071176,6.9,110,6.59,72.2,0,0
7/11/2019,2019,7/11/2019-1-CWMN,July,THB033,0.069952,7.33,201,8.98,93,0,0
7/11/2019,2019,7/11/2019-1-CWMN,July,NER080,0.061312,7.12,388,6.3,76.2,0,0
7/11/2019,2019,7/11/2019-1-CWMN,July,UNB016,0.060964,7.03,573,9.3,94,0,0
7/11/2019,2019,7/11/2019-1-CWMN,July,NER185,0.091696,6.98,384,6.5,78,0,0
7/11/2019,2019,7/11/2019-1-CWMN,July,NER179,0.075964,7.18,132,6.7,81,0,0
7/11/2019,2019,7/11/2019-1-CWMN,July,PTB035,0.102616,7.2,379,5.3,60,0,0
7/11/2019,2019,7/11/2019-1-CWMN,July,PTB028,0.09244,7.27,31,4.7,54.4,0,0
7/11/2019,2019,7/11/2019-1-CWMN,July,UNB014,0.056572,6.82,2140,8.7,87.9,0,0
7/11/2019,2019,7/11/2019-1-CWMN,July,PTB047,0.073984,6.89,336,7.1,79,0,0
7/11/2019,2019,7/11/2019-1-CWMN,July,UNB002,0.15658,6.63,487,4.8,51,0,0
7/11/2019,2019,7/11/2019-1-CWMN,July,NER200,0.067468,7.32,211,7,84,0,0
7/11/2019,2019,7/11/2019-1-CWMN,July,NER150,0.06994,7,156,3.62,42.9,0,0
7/11/2019,2019,7/11/2019-1-CWMN,July,SHB021,0.045376,7.23,189,6.2,73.1,0,0
7/11/2019,2019,7/11/2019-1-CWMN,July,MLB024,0.063064,7.54,156,7.86,84.5,0,0
7/11/2019,2019,7/11/2019-1-CWMN,July,HAB006,0.057388,7.1,146,,,0,0
7/11/2019,2019,7/11/2019-1-CWMN,July,HAB010,0.067576,6.93,292,6.31,73.1,0,0
7/11/2019,2019,7/11/2019-1-CWMN,July,HAB002,0.0649,7.03,30,5.69,69.4,0,0
7/11/2019,2019,7/11/2019-1-CWMN,July,MEB001,0.081088,6.74,906,6.7,71.5,0,0
7/11/2019,2019,7/11/2019-1-CWMN,July,NER075,0.077572,7,31,6.85,82.4,0,0
7/11/2019,2019,7/11/2019-1-CWMN,July,MOB001,0.088816,6.96,148,6,74,0,0
7/11/2019,2019,7/11/2019-1-CWMN,July,WIP003,0.027712,7,41,,,0,0
7/11/2019,2019,7/11/2019-1-CWMN,July,WIP002,0.021292,7.04,10,,,0,0
7/11/2019,2019,7/11/2019-1-CWMN,July,NER002,1.024168,6.71,20,0.82,11,0,0
7/11/2019,2019,7/11/2019-1-CWMN,July,MIB030,0.142216,6.58,10,2.58,31.1,0,0
7/11/2019,2019,7/11/2019-1-CWMN,July,SMB001,0.064228,6.65,30,1.35,17.4,0,0
7/11/2019,2019,7/11/2019-1-CWMN,July,NER040,0.101356,6.95,134,2.46,30.8,0,0
7/11/2019,2019,7/11/2019-1-CWMN,July,SPB016,0.096136,6.96,189,4.91,67.1,0,0
7/11/2019,2019,7/11/2019-1-CWMN,July,MPB088,0.126664,7.11,86,7.45,87.6,0,0
7/11/2019,2019,7/11/2019-1-CWMN,July,MMB106,0.075832,7.07,10,4.18,57.1,0,0
7/11/2019,2019,7/11/2019-1-CWMN,July,MOB032,0.086488,7.21,246,6.6,81,0,0
7/11/2019,2019,7/11/2019-1-CWMN,July,GEB020,,,,7.66,82.7,0,0
8/8/2019,2019,8/8/2019-1-CWMN,August,MOB001,0.082044,7.28,3870,6.4,75,0.62,0.62
8/8/2019,2019,8/8/2019-1-CWMN,August,THB033,0.13248,7.57,24200,7.53,83.6,0.62,0.62
8/8/2019,2019,8/8/2019-1-CWMN,August,MPB088,0.035772,7.27,882,6.45,75.3,0.62,0.62
8/8/2019,2019,8/8/2019-1-CWMN,August,EAB010,0.049056,7.2,4880,8.35,98.6,0.62,0.62
8/8/2019,2019,8/8/2019-1-CWMN,August,POB040,0.180792,6.96,1850,3.7,42,0.62,0.62
8/8/2019,2019,8/8/2019-1-CWMN,August,PEB008,0.069288,7.04,275,6.6,75,0.62,0.62
8/8/2019,2019,8/8/2019-1-CWMN,August,PQB036,0.12348,6.7,11200,1.3,14,0.62,0.62
8/8/2019,2019,8/8/2019-1-CWMN,August,BEB025,0.08016,6.99,7270,5.9,66,0.62,0.62
8/8/2019,2019,8/8/2019-1-CWMN,August,MPB037,0.03642,7.41,148,5.69,68.1,0.62,0.62
8/8/2019,2019,8/8/2019-1-CWMN,August,BMB026,0.05576,7.11,4110,4.9,56.7,0.62,0.62
8/8/2019,2019,8/8/2019-1-CWMN,August,PQB040,0.111732,7.41,5170,5.8,59.1,0.62,0.62
8/8/2019,2019,8/8/2019-1-CWMN,August,HAB010,0.07062,7.33,13000,8.51,97.5,0.62,0.62
8/8/2019,2019,8/8/2019-1-CWMN,August,SHB021,0.087924,6.94,6490,6.84,79.7,0.62,0.62
8/8/2019,2019,8/8/2019-1-CWMN,August,NER150,0.077604,7.71,9210,5.5,64,0.62,0.62
8/8/2019,2019,8/8/2019-1-CWMN,August,NER080,0.084852,6.79,10500,8.09,94.1,0.62,0.62
8/8/2019,2019,8/8/2019-1-CWMN,August,NER125,0.108456,7.08,14100,5.5,64,0.62,0.62
8/8/2019,2019,8/8/2019-1-CWMN,August,GEB020,0.121032,7.35,24200,7.73,85.8,0.62,0.62
8/8/2019,2019,8/8/2019-1-CWMN,August,HAB002,0.086136,7.18,24200,7.83,89.1,0.62,0.62
8/8/2019,2019,8/8/2019-1-CWMN,August,HAB006,0.062388,7.17,14100,,,0.62,0.62
8/8/2019,2019,8/8/2019-1-CWMN,August,PUB022,0.137244,7.53,12000,9.27,103.9,0.62,0.62
8/8/2019,2019,8/8/2019-1-CWMN,August,MEB001,0.145464,6.81,9210,8.69,96.2,0.62,0.62
8/8/2019,2019,8/8/2019-1-CWMN,August,NER075,0.070548,7.3,5170,7.3,84,0.62,0.62
8/8/2019,2019,8/8/2019-1-CWMN,August,MLB024,0.13434,7.05,14100,7.53,84.4,0.62,0.62
8/8/2019,2019,8/8/2019-1-CWMN,August,UNB002,0.121692,6.99,24200,4.7,52,0.62,0.62
8/8/2019,2019,8/8/2019-1-CWMN,August,UNB014,0.132132,7.4,11200,7.3,82,0.62,0.62
8/8/2019,2019,8/8/2019-1-CWMN,August,NER185,0.106944,7.36,6130,7.1,83,0.62,0.62
8/8/2019,2019,8/8/2019-1-CWMN,August,NER200,0.096792,7.51,4610,8,95,0.62,0.62
8/8/2019,2019,8/8/2019-1-CWMN,August,PTB028,0.065844,7.19,1940,6.3,74,0.62,0.62
8/8/2019,2019,8/8/2019-1-CWMN,August,MOB032,0.097644,7.28,13000,7.9,92,0.62,0.62
8/8/2019,2019,8/8/2019-1-CWMN,August,UNB016,0.12594,7.29,7700,7.7,86,0.62,0.62
8/8/2019,2019,8/8/2019-1-CWMN,August,NER179,0.087564,7.28,5480,7.4,87,0.62,0.62
8/8/2019,2019,8/8/2019-1-CWMN,August,MIB030,,,,3.92,47.7,0.62,0.62
8/8/2019,2019,8/8/2019-1-CWMN,August,PTB035,0.077388,7.12,3260,6.4,74,0.62,0.62
8/8/2019,2019,8/8/2019-1-CWMN,August,MMB106,0.09192,7.12,393,6.14,80.3,0.62,0.62
8/8/2019,2019,8/8/2019-1-CWMN,August,WIP003,0.017952,7.33,341,,,0.62,0.62
8/8/2019,2019,8/8/2019-1-CWMN,August,WIP002,0.019584,7.23,909,,,0.62,0.62
8/8/2019,2019,8/8/2019-1-CWMN,August,SMB001,0.053244,7.06,272,4.77,60.6,0.62,0.62
8/8/2019,2019,8/8/2019-1-CWMN,August,NER002,0.223296,7.01,189,1.22,16,0.62,0.62
8/8/2019,2019,8/8/2019-1-CWMN,August,PTB047,,,,7,81,0.62,0.62
8/8/2019,2019,8/8/2019-1-CWMN,August,SPB016,0.069924,7.06,9800,6.14,80.3,0.62,0.62
8/8/2019,2019,8/8/2019-1-CWMN,August,NER040,0.143376,6.91,6170,3.2,41,0.62,0.62
9/12/2019,2019,9/12/2019-1-CWMN,September,UNB014,0.046792,6.85,3280,8,82,0,0
9/12/2019,2019,9/12/2019-1-CWMN,September,MOB032,0.043396,6.8,20,8.1,91.5,0,0
9/12/2019,2019,9/12/2019-1-CWMN,September,NER150,0.04018,6.51,197,6,65,0,0
9/12/2019,2019,9/12/2019-1-CWMN,September,NER200,0.03724,7.05,74,8.3,91,0,0
9/12/2019,2019,9/12/2019-1-CWMN,September,UNB016,0.05482,6.87,2100,8.1,86,0,0
9/12/2019,2019,9/12/2019-1-CWMN,September,NER185,0.04312,7.12,131,8.1,90,0,0
9/12/2019,2019,9/12/2019-1-CWMN,September,PTB035,0.135292,,959,5.5,59,0,0
9/12/2019,2019,9/12/2019-1-CWMN,September,MEB001,0.078508,6.93,1050,7.72,84.5,0,0
9/12/2019,2019,9/12/2019-1-CWMN,September,SHB021,0.033352,7.06,480,8.64,90.4,0,0
9/12/2019,2019,9/12/2019-1-CWMN,September,THB033,0.05062,6.88,318,8.55,88.9,0,0
9/12/2019,2019,9/12/2019-1-CWMN,September,UNB002,0.093088,6.97,2910,2.9,30,0,0
9/12/2019,2019,9/12/2019-1-CWMN,September,PTB047,0.042856,7.04,1260,8.8,92,0,0
9/12/2019,2019,9/12/2019-1-CWMN,September,MOB001,0.0427,7.08,20,7,78,0,0
9/12/2019,2019,9/12/2019-1-CWMN,September,MPB037,0.0283,7.07,63,9.42,103.9,0,0
9/12/2019,2019,9/12/2019-1-CWMN,September,BEB025,0.064924,7.02,175,9.71,99.4,0,0
9/12/2019,2019,9/12/2019-1-CWMN,September,PQB040,0.05158,7.03,404,4.84,49.6,0,0
9/12/2019,2019,9/12/2019-1-CWMN,September,PQB036,0.127792,6.89,1040,1,11,0,0
9/12/2019,2019,9/12/2019-1-CWMN,September,EAB010,0.035956,7.12,52,7.8,88,0,0
9/12/2019,2019,9/12/2019-1-CWMN,September,POB040,0.14308,6.94,121,5.6,58,0,0
9/12/2019,2019,9/12/2019-1-CWMN,September,NER125,0.044992,6.9,249,5.6,61,0,0
9/12/2019,2019,9/12/2019-1-CWMN,September,PEB008,0.046168,6.91,683,5.6,56,0,0
9/12/2019,2019,9/12/2019-1-CWMN,September,MLB024,0.05608,6.69,223,8.1,86,0,0
9/12/2019,2019,9/12/2019-1-CWMN,September,HAB002,0.049744,7.03,31,7.17,81,0,0
9/12/2019,2019,9/12/2019-1-CWMN,September,PUB022,0.06106,6.72,179,8.04,87.4,0,0
9/12/2019,2019,9/12/2019-1-CWMN,September,NER080,0.039916,6.9,148,7.04,80.3,0,0
9/12/2019,2019,9/12/2019-1-CWMN,September,SPB016,0.036976,6.62,132,6.14,67.8,0,0
9/12/2019,2019,9/12/2019-1-CWMN,September,WIP002,0.019564,6.83,10,,,0,0
9/12/2019,2019,9/12/2019-1-CWMN,September,MMB106,0.06094,6.97,10,6.17,70.3,0,0
9/12/2019,2019,9/12/2019-1-CWMN,September,NER002,0.219436,6.85,97,3.28,36.1,0,0
9/12/2019,2019,9/12/2019-1-CWMN,September,WIP003,0.024208,6.77,10,,,0,0
9/12/2019,2019,9/12/2019-1-CWMN,September,NER040,0.078724,6.48,223,4.77,51.3,0,0
9/12/2019,2019,9/12/2019-1-CWMN,September,SMB001,0.048328,6.49,86,0.4,4.4,0,0
9/12/2019,2019,9/12/2019-1-CWMN,September,MIB030,,,,3.51,37,0,0
9/12/2019,2019,9/12/2019-1-CWMN,September,NER179,,,,8.1,90,0,0
9/12/2019,2019,9/12/2019-1-CWMN,September,PTB028,,,,3.9,43,0,0
9/12/2019,2019,9/12/2019-1-CWMN,September,BMB026,,,,9.58,94.6,0,0
9/12/2019,2019,9/12/2019-1-CWMN,September,MPB088,,,,9.59,101.1,0,0
9/12/2019,2019,9/12/2019-1-CWMN,September,HAB010,,,,7.62,85.3,0,0
9/12/2019,2019,9/12/2019-1-CWMN,September,HAB006,,,,,,0,0
9/12/2019,2019,9/12/2019-1-CWMN,September,GEB020,,,,7.5,80.1,0,0
9/12/2019,2019,9/12/2019-1-CWMN,September,NER075,,,,6.23,70,0,0
10/10/2019,2019,10/10/2019-1-CWMN,October,NER080,0.03908,6.7,253,9.25,89.8,0.2,0.3
10/10/2019,2019,10/10/2019-1-CWMN,October,HAB006,0.024939,7.09,419,,,0.2,0.3
10/10/2019,2019,10/10/2019-1-CWMN,October,HAB002,0.066575,7.2,52,8.76,84.8,0.2,0.3
10/10/2019,2019,10/10/2019-1-CWMN,October,HAB010,0.03015,7.18,288,9.04,86.5,0.2,0.3
10/10/2019,2019,10/10/2019-1-CWMN,October,MEB001,0.125156,7,24200,8.09,82.9,0.2,0.3
10/10/2019,2019,10/10/2019-1-CWMN,October,MLB024,0.031832,7.18,63,6.21,66.7,0.2,0.3
10/10/2019,2019,10/10/2019-1-CWMN,October,PUB022,0.050924,7.06,410,8.4,79.3,0.2,0.3
10/10/2019,2019,10/10/2019-1-CWMN,October,NER075,0.030164,7.15,10,8.28,79.9,0.2,0.3
10/10/2019,2019,10/10/2019-1-CWMN,October,GEB020,,7.1,,9.49,88.4,0.2,0.3
10/10/2019,2019,10/10/2019-1-CWMN,October,SPB016,0.050216,7.11,341,7.94,76.7,0.2,0.3
10/10/2019,2019,10/10/2019-1-CWMN,October,MMB106,0.066992,7.26,20,6.76,66,0.2,0.3
10/10/2019,2019,10/10/2019-1-CWMN,October,MIB030,0.075176,6.69,74,4.68,42.8,0.2,0.3
10/10/2019,2019,10/10/2019-1-CWMN,October,SMB001,0.062468,6.48,135,1.31,12.8,0.2,0.3
10/10/2019,2019,10/10/2019-1-CWMN,October,NER040,0.058448,6.93,309,6.57,60.9,0.2,0.3
10/10/2019,2019,10/10/2019-1-CWMN,October,NER002,0.238904,6.68,52,2.94,28.4,0.2,0.3
10/10/2019,2019,10/10/2019-1-CWMN,October,MOB032,0.034688,7.03,278,8.7,85,0.2,0.3
10/10/2019,2019,10/10/2019-1-CWMN,October,NER150,0.033944,7.04,51,6.4,60,0.2,0.3
10/10/2019,2019,10/10/2019-1-CWMN,October,MOB001,0.031136,6.9,86,8.9,87,0.2,0.3
10/10/2019,2019,10/10/2019-1-CWMN,October,PTB047,0.046148,6.71,199,9,84,0.2,0.3
10/10/2019,2019,10/10/2019-1-CWMN,October,NER200,0.029024,7.05,185,9.19,87.5,0.2,0.3
10/10/2019,2019,10/10/2019-1-CWMN,October,UNB002,0.311348,7.11,3650,5.61,52,0.2,0.3
10/10/2019,2019,10/10/2019-1-CWMN,October,NER179,0.037412,6.97,63,8.9,86.5,0.2,0.3
10/10/2019,2019,10/10/2019-1-CWMN,October,UNB016,0.05474,7.04,7700,,80.2,0.2,0.3
10/10/2019,2019,10/10/2019-1-CWMN,October,UNB014,0.057272,6.94,1660,7.07,68.2,0.2,0.3
10/10/2019,2019,10/10/2019-1-CWMN,October,PTB035,0.092588,6.94,209,6.61,61.8,0.2,0.3
10/10/2019,2019,10/10/2019-1-CWMN,October,PTB028,0.070448,6.8,3610,5.57,53.1,0.2,0.3
10/10/2019,2019,10/10/2019-1-CWMN,October,WIP003,0.039656,7.17,857,,,0.2,0.3
10/10/2019,2019,10/10/2019-1-CWMN,October,THB033,0.036296,6.9,309,9.92,92.9,0.2,0.3
10/10/2019,2019,10/10/2019-1-CWMN,October,SHB021,0.031304,7.03,109,9.23,89,0.2,0.3
10/10/2019,2019,10/10/2019-1-CWMN,October,PQB040,0.11996,6.65,364,8.46,82.1,0.2,0.3
10/10/2019,2019,10/10/2019-1-CWMN,October,PQB036,0.077048,6.75,520,2.4,22,0.2,0.3
10/10/2019,2019,10/10/2019-1-CWMN,October,PEB008,0.042248,6.79,313,4.9,45,0.2,0.3
10/10/2019,2019,10/10/2019-1-CWMN,October,EAB010,0.029108,6.97,109,10.12,97.9,0.2,0.3
10/10/2019,2019,10/10/2019-1-CWMN,October,NER185,0.060416,6.88,309,8.9,88,0.2,0.3
10/10/2019,2019,10/10/2019-1-CWMN,October,BMB026,0.02972,6.67,97,8.2,83.5,0.2,0.3
10/10/2019,2019,10/10/2019-1-CWMN,October,NER125,0.035348,6.95,243,4.9,45,0.2,0.3
10/10/2019,2019,10/10/2019-1-CWMN,October,MPB088,0.026312,7.06,31,8.22,77.2,0.2,0.3
10/10/2019,2019,10/10/2019-1-CWMN,October,BEB025,0.049304,7.01,364,8.81,82.4,0.2,0.3
10/10/2019,2019,10/10/2019-1-CWMN,October,MPB037,0.02306,7.24,10,8.14,77.5,0.2,0.3
10/10/2019,2019,10/10/2019-1-CWMN,October,WIP002,0.036212,7.15,134,,,0.2,0.3
10/10/2019,2019,10/10/2019-1-CWMN,October,POB040,0.066032,6.65,309,7.3,67,0.2,0.3
5/14/2020,2020,5/14/2020-1-CWMN,May,BMB026,0.0268,6.83,41,,87.5,0,0.17
5/14/2020,2020,5/14/2020-1-CWMN,May,HAB010,0.0381,7.03,121,10.2,93.3,0,0.17
5/14/2020,2020,5/14/2020-1-CWMN,May,MEB001,0.0996,6.8,546,10.33,93.9,0,0.17
5/14/2020,2020,5/14/2020-1-CWMN,May,PUB022,0.0398,7.04,41,10.73,96.6,0,0.17
5/14/2020,2020,5/14/2020-1-CWMN,May,HAB006,0.0361,6.97,74,,,0,0.17
5/14/2020,2020,5/14/2020-1-CWMN,May,HAB002,0.037,7.01,10,10.13,96.3,0,0.17
5/14/2020,2020,5/14/2020-1-CWMN,May,GEB020,0.0322,6.94,20,10.51,89.8,0,0.17
5/14/2020,2020,5/14/2020-1-CWMN,May,NER080,0.036,6.78,41,9.96,93.7,0,0.17
5/14/2020,2020,5/14/2020-1-CWMN,May,NER075,0.0352,6.95,20,9.53,90,0,0.17
5/14/2020,2020,5/14/2020-1-CWMN,May,MLB024,0.0872,6.99,97,9.86,86.3,0,0.17
5/14/2020,2020,5/14/2020-1-CWMN,May,PQB040,0.0325,6.77,10,,88.9,0,0.17
5/14/2020,2020,5/14/2020-1-CWMN,May,THB033,0.0375,6.77,20,10.98,93.4,0,0.17
5/14/2020,2020,5/14/2020-1-CWMN,May,MOB001,0.0344,6.93,86,9.34,87.3,0,0.17
5/14/2020,2020,5/14/2020-1-CWMN,May,BEB025,0.0391,7.1,41,,84,0,0.17
5/14/2020,2020,5/14/2020-1-CWMN,May,MPB037,0.0224,7.2,31,,76.8,0,0.17
5/14/2020,2020,5/14/2020-1-CWMN,May,POB040,0.0376,6.94,20,7.6,65,0,0.17
5/14/2020,2020,5/14/2020-1-CWMN,May,NER125,0.0336,6.71,122,7.5,69,0,0.17
5/14/2020,2020,5/14/2020-1-CWMN,May,PQB036,0.0188,6.92,41,4.8,43,0,0.17
5/14/2020,2020,5/14/2020-1-CWMN,May,PEB008,0.0525,6.89,52,10.2,89,0,0.17
5/14/2020,2020,5/14/2020-1-CWMN,May,SMB001,0.0287,7.09,10,6.98,64.5,0,0.17
5/14/2020,2020,5/14/2020-1-CWMN,May,NER040,0.0424,6.82,10,6.62,57.8,0,0.17
5/14/2020,2020,5/14/2020-1-CWMN,May,WIP002,0.0348,7.1,10,,,0,0.17
5/14/2020,2020,5/14/2020-1-CWMN,May,NER002,0.126,7.03,20,6.62,63.4,0,0.17
5/14/2020,2020,5/14/2020-1-CWMN,May,SHB021,0.0302,6.86,20,,93.9,0,0.17
5/14/2020,2020,5/14/2020-1-CWMN,May,MMB106,0.021,7.14,10,9.02,85.3,0,0.17
5/14/2020,2020,5/14/2020-1-CWMN,May,WIP003,0.0368,7.04,10,,,0,0.17
5/14/2020,2020,5/14/2020-1-CWMN,May,SPB016,0.0547,6.89,52,10.25,97.5,0,0.17
5/14/2020,2020,5/14/2020-1-CWMN,May,MIB030,0.0364,7.04,350,7.2,63,0,0.17
5/14/2020,2020,5/14/2020-1-CWMN,May,PTB035,0.0402,7.08,52,9.87,88.5,0,0.17
5/14/2020,2020,5/14/2020-1-CWMN,May,NER185,0.0402,6.88,206,8.89,82.8,0,0.17
5/14/2020,2020,5/14/2020-1-CWMN,May,NER200,0.0416,7.03,10,,,0,0.17
5/14/2020,2020,5/14/2020-1-CWMN,May,UNB014,0.064,6.88,41,9.74,84.3,0,0.17
5/14/2020,2020,5/14/2020-1-CWMN,May,PTB028,0.0381,7.03,41,10.08,91.2,0,0.17
5/14/2020,2020,5/14/2020-1-CWMN,May,NER150,0.0583,6.93,31,10.2,89,0,0.17
5/14/2020,2020,5/14/2020-1-CWMN,May,MOB032,0.0392,7.05,110,9.6,90.8,0,0.17
5/14/2020,2020,5/14/2020-1-CWMN,May,UNB016,0.0824,6.78,30,10.28,91.8,0,0.17
5/14/2020,2020,5/14/2020-1-CWMN,May,PTB047,0.131,7.01,471,9.26,83.3,0,0.17
5/14/2020,2020,5/14/2020-1-CWMN,May,NER179,0.0409,6.9,63,9.36,87.8,0,0.17
5/14/2020,2020,5/14/2020-1-CWMN,May,UNB002,0.127,6.7,74,7.76,65.6,0,0.17
5/14/2020,2020,5/14/2020-1-CWMN,May,EAB010,0.0293,7.04,52,11.08,102,0,0.17
5/14/2020,2020,5/14/2020-1-CWMN,May,MPB088,0.0304,7.08,20,,94.5,0,0.17
6/11/2020,2020,6/11/2020-1-CWMN,June,MLB024,0.0834,7.71,135,7.9,82,0,0
6/11/2020,2020,6/11/2020-1-CWMN,June,NER080,0.063,7.65,285,7.29,83.2,0,0
6/11/2020,2020,6/11/2020-1-CWMN,June,HAB010,0.0586,7.72,571,7.6,84.9,0,0
6/11/2020,2020,6/11/2020-1-CWMN,June,HAB002,0.0477,7.7,84,6.95,79,0,0
6/11/2020,2020,6/11/2020-1-CWMN,June,MEB001,0.237,7.61,4880,6.87,68.9,0,0
6/11/2020,2020,6/11/2020-1-CWMN,June,NER075,0.0746,7.86,110,7.22,83.6,0,0
6/11/2020,2020,6/11/2020-1-CWMN,June,UNB016,0.0853,7,959,9.92,97,0,0
6/11/2020,2020,6/11/2020-1-CWMN,June,MOB032,0.0789,7.11,467,7.14,82,0,0
6/11/2020,2020,6/11/2020-1-CWMN,June,NER179,0.0743,6.95,74,7.25,81.9,0,0
6/11/2020,2020,6/11/2020-1-CWMN,June,NER200,0.0711,7.04,120,8.21,92.5,0,0
6/11/2020,2020,6/11/2020-1-CWMN,June,UNB014,0.0707,7.07,1350,9.92,97,0,0
6/11/2020,2020,6/11/2020-1-CWMN,June,UNB002,0.335,6.73,4350,4.01,41.2,0,0
6/11/2020,2020,6/11/2020-1-CWMN,June,NER185,0.0729,7.06,313,6.5,73.3,0,0
6/11/2020,2020,6/11/2020-1-CWMN,June,PTB028,0.062,7.16,63,7.62,84,0,0
6/11/2020,2020,6/11/2020-1-CWMN,June,PTB047,0.064,7.18,529,7.44,78.3,0,0
6/11/2020,2020,6/11/2020-1-CWMN,June,NER150,0.069,6.99,146,8.2,86,0,0
6/11/2020,2020,6/11/2020-1-CWMN,June,PTB035,0.0678,7.1,1660,6.35,68.5,0,0
6/11/2020,2020,6/11/2020-1-CWMN,June,THB033,0.0686,7,269,9.28,93,0,0
6/11/2020,2020,6/11/2020-1-CWMN,June,BMB026,0.0556,7.07,148,6.77,75.3,0,0
6/11/2020,2020,6/11/2020-1-CWMN,June,MOB001,0.0757,7.16,185,6.98,80.2,0,0
6/11/2020,2020,6/11/2020-1-CWMN,June,MPB088,0.0423,6.68,318,7.28,79,0,0
6/11/2020,2020,6/11/2020-1-CWMN,June,NER125,0.066,7.03,313,4.3,49,0,0
6/11/2020,2020,6/11/2020-1-CWMN,June,BEB025,0.059,7.14,85,6.9,74.5,0,0
6/11/2020,2020,6/11/2020-1-CWMN,June,PQB040,0.088,7.17,546,4.86,50.9,0,0
6/11/2020,2020,6/11/2020-1-CWMN,June,PEB008,0.0875,7.12,20,7.4,80,0,0
6/11/2020,2020,6/11/2020-1-CWMN,June,POB040,0.0878,7.13,173,5.2,56,0,0
6/11/2020,2020,6/11/2020-1-CWMN,June,PQB036,0.0931,6.71,594,1.4,15,0,0
6/11/2020,2020,6/11/2020-1-CWMN,June,EAB010,0.0533,7.64,201,8.13,92.3,0,0
6/11/2020,2020,6/11/2020-1-CWMN,June,GEB020,0.0665,7.82,432,8.4,85.9,0,0
6/11/2020,2020,6/11/2020-1-CWMN,June,PUB022,0.199,7.81,62,8.64,93.1,0,0
6/11/2020,2020,6/11/2020-1-CWMN,June,MPB037,0.036,7.27,10,8.35,95.2,0,0
6/11/2020,2020,6/11/2020-1-CWMN,June,SMB001,0.0521,7.14,31,5.9,65.5,0,0
6/11/2020,2020,6/11/2020-1-CWMN,June,NER040,0.15,7.45,393,4.42,48.3,0,0
6/11/2020,2020,6/11/2020-1-CWMN,June,MIB030,0.111,7.17,609,4.85,50.7,0,0
6/11/2020,2020,6/11/2020-1-CWMN,June,WIP002,0.0422,7.89,173,,,0,0
6/11/2020,2020,6/11/2020-1-CWMN,June,SHB021,0.0535,7.67,173,8.14,90.6,0,0
6/11/2020,2020,6/11/2020-1-CWMN,June,SPB016,0.47,7.69,2480,4.99,58.5,0,0
6/11/2020,2020,6/11/2020-1-CWMN,June,WIP003,0.0308,7.73,52,,,0,0
6/11/2020,2020,6/11/2020-1-CWMN,June,MMB106,0.0741,7.79,10,5.49,63.7,0,0
6/11/2020,2020,6/11/2020-1-CWMN,June,NER002,0.426,7.44,52,1.16,65.5,0,0
6/11/2020,2020,6/11/2020-1-CWMN,June,HAB006,,,,,,0,0
7/9/2020,2020,7/9/2020-1-CWMN,July,NER075,0.118,,85,6.4,76.5,0,0.01
7/9/2020,2020,7/9/2020-1-CWMN,July,NER080,0.0964,,265,6.98,83.6,0,0.01
7/9/2020,2020,7/9/2020-1-CWMN,July,MEB001,0.202,,2850,8.24,89.8,0,0.01
7/9/2020,2020,7/9/2020-1-CWMN,July,HAB002,0.0558,,52,6.92,82.2,0,0.01
7/9/2020,2020,7/9/2020-1-CWMN,July,MLB024,0.0991,,108,7.61,82.3,0,0.01
7/9/2020,2020,7/9/2020-1-CWMN,July,HAB010,0.0727,6.58,959,7.18,84.1,0,0.01
7/9/2020,2020,7/9/2020-1-CWMN,July,GEB020,0.0945,,246,8.24,88.1,0,0.01
7/9/2020,2020,7/9/2020-1-CWMN,July,HAB006,0.341,,1210,,,0,0.01
7/9/2020,2020,7/9/2020-1-CWMN,July,PUB022,0.119,6.51,318,8.18,93.5,0,0.01
7/9/2020,2020,7/9/2020-1-CWMN,July,PQB040,0.0888,7.11,231,6.49,77.7,0,0.01
7/9/2020,2020,7/9/2020-1-CWMN,July,UNB016,0.104,,432,9.01,91,0,0.01
7/9/2020,2020,7/9/2020-1-CWMN,July,UNB002,0.338,,691,4.09,44.7,0,0.01
7/9/2020,2020,7/9/2020-1-CWMN,July,PTB047,0.102,6.45,345,7.05,79.3,0,0.01
7/9/2020,2020,7/9/2020-1-CWMN,July,PTB035,0.102,6.51,504,4.6,52.4,0,0.01
7/9/2020,2020,7/9/2020-1-CWMN,July,PTB028,0.0979,7.05,41,4.6,52.4,0,0.01
7/9/2020,2020,7/9/2020-1-CWMN,July,NER185,0.118,7.08,148,6.43,75.8,0,0.01
7/9/2020,2020,7/9/2020-1-CWMN,July,MOB032,0.125,,175,6.99,84.4,0,0.01
7/9/2020,2020,7/9/2020-1-CWMN,July,NER150,0.117,6.33,201,7.2,76,0,0.01
7/9/2020,2020,7/9/2020-1-CWMN,July,NER200,0.118,6.44,96,8.05,94.8,0,0.01
7/9/2020,2020,7/9/2020-1-CWMN,July,UNB014,0.0794,7.24,448,8.77,87.7,0,0.01
7/9/2020,2020,7/9/2020-1-CWMN,July,MOB001,0.106,6.13,97,6.04,73,0,0.01
7/9/2020,2020,7/9/2020-1-CWMN,July,THB033,0.077,6.97,301,8.63,91.2,0,0.01
7/9/2020,2020,7/9/2020-1-CWMN,July,MPB088,0.0686,7.32,110,6.98,80,0,0.01
7/9/2020,2020,7/9/2020-1-CWMN,July,NER125,0.143,7.07,201,4.16,49.2,0,0.01
7/9/2020,2020,7/9/2020-1-CWMN,July,BMB026,0.0718,7.03,110,5.79,67.1,0,0.01
7/9/2020,2020,7/9/2020-1-CWMN,July,NER179,0.114,6.45,98,6.84,81.1,0,0.01
7/9/2020,2020,7/9/2020-1-CWMN,July,BEB025,0.1,,134,5.78,65.3,0,0.01
7/9/2020,2020,7/9/2020-1-CWMN,July,MPB037,0.0478,7.41,20,6.7,79.5,0,0.01
7/9/2020,2020,7/9/2020-1-CWMN,July,POB040,0.134,7.17,187,6.07,69.2,0,0.01
7/9/2020,2020,7/9/2020-1-CWMN,July,PQB036,0.108,6.53,262,1.09,12.6,0,0.01
7/9/2020,2020,7/9/2020-1-CWMN,July,EAB010,0.0794,,122,7.48,90.1,0,0.01
7/9/2020,2020,7/9/2020-1-CWMN,July,PEB008,0.103,7.27,63,6.49,75,0,0.01
7/9/2020,2020,7/9/2020-1-CWMN,July,SMB001,0.0707,,171,6.08,70.6,0,0.01
7/9/2020,2020,7/9/2020-1-CWMN,July,NER040,0.185,,218,3.65,41.5,0,0.01
7/9/2020,2020,7/9/2020-1-CWMN,July,NER002,0.365,,63,1.39,65.5,0,0.01
7/9/2020,2020,7/9/2020-1-CWMN,July,MMB106,0.14,,20,5.9,49,0,0.01
7/9/2020,2020,7/9/2020-1-CWMN,July,WIP002,0.0443,,10,,,0,0.01
7/9/2020,2020,7/9/2020-1-CWMN,July,SHB021,0.0629,,20,6.98,81,0,0.01
7/9/2020,2020,7/9/2020-1-CWMN,July,SPB016,0.15,,97,6.76,82.6,0,0.01
7/9/2020,2020,7/9/2020-1-CWMN,July,WIP003,0.042,,10,,,0,0.01
7/9/2020,2020,7/9/2020-1-CWMN,July,MIB030,,,,5.76,63.5,0,0.01
8/13/2020,2020,8/13/2020-1-CWMN,August,NER200,0.0383,7.46,109,4.63,54.9,0,0
8/13/2020,2020,8/13/2020-1-CWMN,August,NER040,0.11,7.15,435,4.91,58.1,0,0
8/13/2020,2020,8/13/2020-1-CWMN,August,SMB001,0.0773,6.53,197,1.21,14.7,0,0
8/13/2020,2020,8/13/2020-1-CWMN,August,SPB016,0.126,7.27,193,5,62.3,0,0
8/13/2020,2020,8/13/2020-1-CWMN,August,NER002,0.0369,7.38,10,3.02,38.5,0,0
8/13/2020,2020,8/13/2020-1-CWMN,August,MMB106,0.143,7.28,10,4.42,56.7,0,0
8/13/2020,2020,8/13/2020-1-CWMN,August,WIP003,0.142,7.56,41,,,0,0
8/13/2020,2020,8/13/2020-1-CWMN,August,MIB030,0.197,6.58,84,3.33,38.6,0,0
8/13/2020,2020,8/13/2020-1-CWMN,August,SHB021,0.0567,7.41,97,5.97,72.5,0,0
8/13/2020,2020,8/13/2020-1-CWMN,August,NER075,0.0284,7.72,63,5.75,73.8,0,0
8/13/2020,2020,8/13/2020-1-CWMN,August,NER080,0.0335,7.32,388,29.9,36.3,0,0
8/13/2020,2020,8/13/2020-1-CWMN,August,GEB020,0.0556,7.28,1500,5.74,66.5,0,0
8/13/2020,2020,8/13/2020-1-CWMN,August,MEB001,0.374,7.02,24200,1.93,21.5,0,0
8/13/2020,2020,8/13/2020-1-CWMN,August,HAB002,0.0397,7.22,52,4.89,61.2,0,0
8/13/2020,2020,8/13/2020-1-CWMN,August,MLB024,0.122,7.25,83,7.06,80.5,0,0
8/13/2020,2020,8/13/2020-1-CWMN,August,PUB022,0.0945,7.01,19900,6.31,70.7,0,0
8/13/2020,2020,8/13/2020-1-CWMN,August,UNB002,,,,,,0,0
8/13/2020,2020,8/13/2020-1-CWMN,August,PTB047,0.0665,7.1,712,7.18,81.1,0,0
8/13/2020,2020,8/13/2020-1-CWMN,August,PTB035,0.125,7.06,504,4.98,55.7,0,0
8/13/2020,2020,8/13/2020-1-CWMN,August,PTB028,0.136,6.75,171,2.95,34.9,0,0
8/13/2020,2020,8/13/2020-1-CWMN,August,NER185,0.0377,7.07,377,,,0,0
8/13/2020,2020,8/13/2020-1-CWMN,August,UNB014,0.0629,6.93,601,8.57,89.1,0,0
8/13/2020,2020,8/13/2020-1-CWMN,August,NER150,0.0706,6.93,410,4.14,47.9,0,0
8/13/2020,2020,8/13/2020-1-CWMN,August,NER179,0.0789,7.17,374,5.9,72,0,0
8/13/2020,2020,8/13/2020-1-CWMN,August,THB033,0.0708,7.27,288,7.58,83.2,0,0
8/13/2020,2020,8/13/2020-1-CWMN,August,HAB010,0.0631,7.02,520,4.24,50.6,0,0
8/13/2020,2020,8/13/2020-1-CWMN,August,MPB088,0.04,6.92,74,5.68,67.1,0,0
8/13/2020,2020,8/13/2020-1-CWMN,August,MOB001,0.0504,7.15,108,6.21,79.6,0,0
8/13/2020,2020,8/13/2020-1-CWMN,August,NER125,0.06,6.93,96,0.73,9,0,0
8/13/2020,2020,8/13/2020-1-CWMN,August,MOB032,0.0537,7.28,86,5.43,68.9,0,0
8/13/2020,2020,8/13/2020-1-CWMN,August,BMB026,0.2,6.94,175,3.61,42.1,0,0
8/13/2020,2020,8/13/2020-1-CWMN,August,UNB016,0.0648,6.66,727,8.71,91.9,0,0
8/13/2020,2020,8/13/2020-1-CWMN,August,PQB040,0.058,6.57,2910,4.92,57.5,0,0
8/13/2020,2020,8/13/2020-1-CWMN,August,PEB008,0.0816,6.61,309,6.5,67.1,0,0
8/13/2020,2020,8/13/2020-1-CWMN,August,MPB037,0.0284,7.32,31,6.33,79.4,0,0
8/13/2020,2020,8/13/2020-1-CWMN,August,BEB025,0.0981,7.08,272,6.45,74.9,0,0
8/13/2020,2020,8/13/2020-1-CWMN,August,POB040,0.148,7.21,246,4.54,51.8,0,0
8/13/2020,2020,8/13/2020-1-CWMN,August,EAB010,0.0369,7.37,189,5.48,69.9,0,0
8/13/2020,2020,8/13/2020-1-CWMN,August,PQB036,,,,,,0,0
8/13/2020,2020,8/13/2020-1-CWMN,August,WIP002,,,,,,0,0
8/13/2020,2020,8/13/2020-1-CWMN,August,HAB006,,,,,,0,0
9/10/2020,2020,9/10/2020-1-CWMN,September,NER125,0.0508,6.88,74,3.58,40.7,0,0
9/10/2020,2020,9/10/2020-1-CWMN,September,SMB001,0.0572,6.49,31,1.69,19.2,0,0
9/10/2020,2020,9/10/2020-1-CWMN,September,NER040,0.0668,7.35,313,4.66,52.4,0,0
9/10/2020,2020,9/10/2020-1-CWMN,September,WIP002,,7.71,10,,,0,0
9/10/2020,2020,9/10/2020-1-CWMN,September,NER002,0.304,7.49,10,0.44,5.1,0,0
9/10/2020,2020,9/10/2020-1-CWMN,September,SPB016,0.0573,7.38,282,5.21,61.8,0,0
9/10/2020,2020,9/10/2020-1-CWMN,September,WIP003,,7.67,10,,,0,0
9/10/2020,2020,9/10/2020-1-CWMN,September,MMB106,,7.31,10,4,47.7,0,0
9/10/2020,2020,9/10/2020-1-CWMN,September,MIB030,0.106,6.52,31,4.2,45.6,0,0
9/10/2020,2020,9/10/2020-1-CWMN,September,NER179,0.0393,7.2,3650,7.13,80.8,0,0
9/10/2020,2020,9/10/2020-1-CWMN,September,NER150,0.0496,7.01,135,5.85,65.9,0,0
9/10/2020,2020,9/10/2020-1-CWMN,September,PTB047,0.0572,7.12,480,7.82,84.2,0,0
9/10/2020,2020,9/10/2020-1-CWMN,September,UNB016,0.109,8.63,199,8.2,83,0,0
9/10/2020,2020,9/10/2020-1-CWMN,September,MOB032,0.0318,7.32,31,7.02,82.7,0,0
9/10/2020,2020,9/10/2020-1-CWMN,September,UNB014,0.0528,6.94,313,8.2,83,0,0
9/10/2020,2020,9/10/2020-1-CWMN,September,PTB028,0.066,6.7,382,4.2,47,0,0
9/10/2020,2020,9/10/2020-1-CWMN,September,NER185,0.0418,7.25,3650,6.92,79.1,0,0
9/10/2020,2020,9/10/2020-1-CWMN,September,PTB035,0.431,6.84,677,5.6,60,0,0
9/10/2020,2020,9/10/2020-1-CWMN,September,NER080,0.0324,6.76,185,6.47,7.32,0,0
9/10/2020,2020,9/10/2020-1-CWMN,September,MLB024,0.0553,6.9,364,8.09,86.7,0,0
9/10/2020,2020,9/10/2020-1-CWMN,September,HAB010,0.0352,6.98,1080,5.66,64.9,0,0
9/10/2020,2020,9/10/2020-1-CWMN,September,HAB006,0.0321,7.1,307,,,0,0
9/10/2020,2020,9/10/2020-1-CWMN,September,MEB001,0.31,7.21,17300,2.6,28.3,0,0
9/10/2020,2020,9/10/2020-1-CWMN,September,HAB002,0.0301,7.1,41,5.54,64.4,0,0
9/10/2020,2020,9/10/2020-1-CWMN,September,NER075,0.0384,7.33,10,5.08,60,0,0
9/10/2020,2020,9/10/2020-1-CWMN,September,PUB022,0.0455,6.83,546,8.88,96.4,0,0
9/10/2020,2020,9/10/2020-1-CWMN,September,THB033,0.0591,7.37,749,8.61,91.1,0,0
9/10/2020,2020,9/10/2020-1-CWMN,September,MOB001,0.0366,7.3,20,7.4,86.4,0,0
9/10/2020,2020,9/10/2020-1-CWMN,September,NER200,0.0404,7.58,776,8.1,91,0,0
9/10/2020,2020,9/10/2020-1-CWMN,September,PEB008,0.061,6.46,780,6.93,70.2,0,0
9/10/2020,2020,9/10/2020-1-CWMN,September,SHB021,0.0308,6.97,185,7.12,80.9,0,0
9/10/2020,2020,9/10/2020-1-CWMN,September,PQB040,0.0374,7.28,512,6.25,69.8,0,0
9/10/2020,2020,9/10/2020-1-CWMN,September,MPB088,0.0347,7.18,20,6.7,74.5,0,0
9/10/2020,2020,9/10/2020-1-CWMN,September,BMB026,0.0633,6.99,148,5.31,59.5,0,0
9/10/2020,2020,9/10/2020-1-CWMN,September,BEB025,0.0615,6.92,120,6.49,71.8,0,0
9/10/2020,2020,9/10/2020-1-CWMN,September,MPB037,0.019,7.26,110,6.86,80.5,0,0
9/10/2020,2020,9/10/2020-1-CWMN,September,UNB002,0.207,7.07,2760,,,0,0
9/10/2020,2020,9/10/2020-1-CWMN,September,EAB010,0.0364,7.37,52,7.42,86.2,0,0
9/10/2020,2020,9/10/2020-1-CWMN,September,GEB020,0.0477,7.05,677,7.15,78.3,0,0
9/10/2020,2020,9/10/2020-1-CWMN,September,POB040,0.0722,6.84,160,5.85,64,0,0
9/10/2020,2020,9/10/2020-1-CWMN,September,PQB036,0.188,6.46,345,1.13,12.6,0,0
10/8/2020,2020,10/8/2020-1-CWMN,October,NER040,0.0723,7.43,278,5.88,55.7,0.11,0.11
10/8/2020,2020,10/8/2020-1-CWMN,October,SMB001,0.047,6.83,20,1.9,19,0.11,0.11
10/8/2020,2020,10/8/2020-1-CWMN,October,WIP003,0.0413,8.01,10,,,0.11,0.11
10/8/2020,2020,10/8/2020-1-CWMN,October,MMB106,0.0554,7.96,10,5.27,53.5,0.11,0.11
10/8/2020,2020,10/8/2020-1-CWMN,October,WIP002,0.0513,8.08,10,,,0.11,0.11
10/8/2020,2020,10/8/2020-1-CWMN,October,SPB016,0.182,7.85,20,6.27,63,0.11,0.11
10/8/2020,2020,10/8/2020-1-CWMN,October,NER002,0.336,7.81,41,3.84,38.1,0.11,0.11
10/8/2020,2020,10/8/2020-1-CWMN,October,MIB030,0.0847,7.7,74,3.86,37.9,0.11,0.11
10/8/2020,2020,10/8/2020-1-CWMN,October,SHB021,0.0499,7.68,146,8.15,79.4,0.11,0.11
10/8/2020,2020,10/8/2020-1-CWMN,October,HAB006,0.0195,6.27,541,,,0.11,0.11
10/8/2020,2020,10/8/2020-1-CWMN,October,MLB024,0.0306,7.94,156,9.09,86.2,0.11,0.11
10/8/2020,2020,10/8/2020-1-CWMN,October,PUB022,0.0512,7.68,2220,9.04,83.1,0.11,0.11
10/8/2020,2020,10/8/2020-1-CWMN,October,HAB002,0.347,7.79,305,7.72,77.3,0.11,0.11
10/8/2020,2020,10/8/2020-1-CWMN,October,NER080,0.0218,7.72,987,7.95,78.6,0.11,0.11
10/8/2020,2020,10/8/2020-1-CWMN,October,MEB001,0.453,7.62,24200,4.93,51.3,0.11,0.11
10/8/2020,2020,10/8/2020-1-CWMN,October,NER075,0.024,7.91,63,7.92,79.1,0.11,0.11
10/8/2020,2020,10/8/2020-1-CWMN,October,HAB010,0.0187,7.79,121,8.7,84.8,0.11,0.11
10/8/2020,2020,10/8/2020-1-CWMN,October,GEB020,0.0339,7.81,1140,7.58,72.1,0.11,0.11
10/8/2020,2020,10/8/2020-1-CWMN,October,MPB037,0.037,7.24,31,7.51,73.8,0.11,0.11
10/8/2020,2020,10/8/2020-1-CWMN,October,BEB025,0.105,6.72,143,7.93,74.5,0.11,0.11
10/8/2020,2020,10/8/2020-1-CWMN,October,MOB001,0.032,7.05,199,8.28,82.3,0.11,0.11
10/8/2020,2020,10/8/2020-1-CWMN,October,NER179,0.0452,7.08,301,7.22,70.4,0.11,0.11
10/8/2020,2020,10/8/2020-1-CWMN,October,UNB014,0.0734,7.08,4880,7.9,77,0.11,0.11
10/8/2020,2020,10/8/2020-1-CWMN,October,UNB016,0.0911,7.04,1270,7.9,79,0.11,0.11
10/8/2020,2020,10/8/2020-1-CWMN,October,PTB047,0.0704,7.09,10500,6.95,65.6,0.11,0.11
10/8/2020,2020,10/8/2020-1-CWMN,October,PTB028,0.0738,6.88,717,4.1,39,0.11,0.11
10/8/2020,2020,10/8/2020-1-CWMN,October,NER185,0.0496,7.06,350,10.11,90.5,0.11,0.11
10/8/2020,2020,10/8/2020-1-CWMN,October,MOB032,0.0268,6.82,228,7.39,74.8,0.11,0.11
10/8/2020,2020,10/8/2020-1-CWMN,October,UNB002,0.251,6.83,24200,4.8,45,0.11,0.11
10/8/2020,2020,10/8/2020-1-CWMN,October,NER200,0.0481,6.89,933,8.9,86,0.11,0.11
10/8/2020,2020,10/8/2020-1-CWMN,October,PQB040,0.0602,7.07,1720,6.11,57.5,0.11,0.11
10/8/2020,2020,10/8/2020-1-CWMN,October,THB033,0.0697,6.92,464,9.15,86.4,0.11,0.11
10/8/2020,2020,10/8/2020-1-CWMN,October,NER125,0.0538,6.78,63,4.99,48.8,0.11,0.11
10/8/2020,2020,10/8/2020-1-CWMN,October,MPB088,0.0414,7.01,108,8.04,75.7,0.11,0.11
10/8/2020,2020,10/8/2020-1-CWMN,October,PTB035,0.247,6.93,933,5.5,52,0.11,0.11
10/8/2020,2020,10/8/2020-1-CWMN,October,BMB026,0.0636,6.33,160,8.05,77.2,0.11,0.11
10/8/2020,2020,10/8/2020-1-CWMN,October,POB040,0.0729,7,573,7.45,69.4,0.11,0.11
10/8/2020,2020,10/8/2020-1-CWMN,October,EAB010,0.0431,6.97,63,9.46,93.9,0.11,0.11
10/8/2020,2020,10/8/2020-1-CWMN,October,PEB008,0.0697,5.33,278,6.18,57.7,0.11,0.11
10/8/2020,2020,10/8/2020-1-CWMN,October,NER150,0.0601,7.02,201,5.06,49.3,0.11,0.11
10/8/2020,2020,10/8/2020-1-CWMN,October,PQB036,,,,0.35,3.4,0.11,0.11
5/13/2021,2021,5/13/2021-1-CWMN,May,NER075,0.0349,7.74,85,9.04,88.7,0,0
5/13/2021,2021,5/13/2021-1-CWMN,May,MEB001,0.06,7.54,355,9.82,90,0,0
5/13/2021,2021,5/13/2021-1-CWMN,May,GEB020,0.0256,7.17,86,10.11,89.3,0,0
5/13/2021,2021,5/13/2021-1-CWMN,May,HAB002,0.0289,8.16,10,8.93,88.7,0,0
5/13/2021,2021,5/13/2021-1-CWMN,May,HAB010,0.0432,6.86,130,9.17,87,0,0
5/13/2021,2021,5/13/2021-1-CWMN,May,HAB006,0.07,7.59,31,,,0,0
5/13/2021,2021,5/13/2021-1-CWMN,May,PQB036,0.0165,7.07,52,3.5,33,0,0
5/13/2021,2021,5/13/2021-1-CWMN,May,THB033,0.0278,6.71,235,10.72,94.4,0,0
5/13/2021,2021,5/13/2021-1-CWMN,May,MOB001,0.0367,7.03,30,8.45,84.5,0,0
5/13/2021,2021,5/13/2021-1-CWMN,May,NER200,0.0362,7.04,52,14.5,95,0,0
5/13/2021,2021,5/13/2021-1-CWMN,May,PTB035,0.0373,7.1,520,,,0,0
5/13/2021,2021,5/13/2021-1-CWMN,May,MLB024,0.0336,7.81,97,9.93,90.3,0,0
5/13/2021,2021,5/13/2021-1-CWMN,May,UNB002,0.0677,6.94,63,8.1,71,0,0
5/13/2021,2021,5/13/2021-1-CWMN,May,PTB028,0.0253,7.04,85,9.2,87,0,0
5/13/2021,2021,5/13/2021-1-CWMN,May,NER150,0.0313,6.68,52,7.3,66,0,0
5/13/2021,2021,5/13/2021-1-CWMN,May,UNB016,0.0498,6.74,85,9.8,88,0,0
5/13/2021,2021,5/13/2021-1-CWMN,May,NER185,0.0386,7.02,249,8.98,84.9,0,0
5/13/2021,2021,5/13/2021-1-CWMN,May,UNB014,0.0343,6.85,733,9.3,82,0,0
5/13/2021,2021,5/13/2021-1-CWMN,May,BMB026,0.0257,7.01,120,9.06,85.8,0,0
5/13/2021,2021,5/13/2021-1-CWMN,May,PQB040,0.0171,7.09,10,9.75,91.6,0,0
5/13/2021,2021,5/13/2021-1-CWMN,May,PTB047,0.0292,7.09,435,8.35,78.3,0,0
5/13/2021,2021,5/13/2021-1-CWMN,May,MPB088,0.0185,6.75,10,9.71,93.7,0,0
5/13/2021,2021,5/13/2021-1-CWMN,May,MPB037,0.0196,7.2,52,9.24,88.5,0,0
5/13/2021,2021,5/13/2021-1-CWMN,May,POB040,0.0289,6.87,31,9.3,84,0,0
5/13/2021,2021,5/13/2021-1-CWMN,May,EAB010,0.0235,7.08,31,9.81,94.3,0,0
5/13/2021,2021,5/13/2021-1-CWMN,May,NER080,0.0321,7.79,161,9.4,90.5,0,0
5/13/2021,2021,5/13/2021-1-CWMN,May,PUB022,0.0259,7.86,52,99.1,91.5,0,0
5/13/2021,2021,5/13/2021-1-CWMN,May,BEB025,0.0276,7.13,20,8.83,80.2,0,0
5/13/2021,2021,5/13/2021-1-CWMN,May,PEB008,0.043,7.04,74,9.3,84,0,0
5/13/2021,2021,5/13/2021-1-CWMN,May,NER125,0.0328,7.06,52,6.1,59,0,0
5/13/2021,2021,5/13/2021-1-CWMN,May,NER179,0.0378,6.99,110,8.74,85.9,0,0
5/13/2021,2021,5/13/2021-1-CWMN,May,NER040,0.0621,7.71,10,5.89,54.4,0,0
5/13/2021,2021,5/13/2021-1-CWMN,May,MOB032,0.0398,7.06,161,8.82,88.4,0,0
5/13/2021,2021,5/13/2021-1-CWMN,May,SMB001,0.0241,7.9,20,6.64,64.7,0,0
5/13/2021,2021,5/13/2021-1-CWMN,May,MMB106,0.0222,7.94,10,7.16,72.2,0,0
5/13/2021,2021,5/13/2021-1-CWMN,May,NER002,0.365,8.46,31,3.07,,0,0
5/13/2021,2021,5/13/2021-1-CWMN,May,WIP003,0.0203,7.91,10,,,0,0
5/13/2021,2021,5/13/2021-1-CWMN,May,WIP002,0.0246,7.92,10,8.84,84,0,0
5/13/2021,2021,5/13/2021-1-CWMN,May,SPB016,0.0518,7.71,10,6.7,67.5,0,0
5/13/2021,2021,5/13/2021-1-CWMN,May,MIB030,0.0355,8.2,187,6.55,60.3,0,0
5/13/2021,2021,5/13/2021-1-CWMN,May,SHB021,0.0231,7.78,62,9.27,89,0,0
6/10/2021,2021,6/10/2021-1-CWMN,June,NER002,0.591,615,156,0.35,4.1,0,0.09
6/10/2021,2021,6/10/2021-1-CWMN,June,MMB106,0.148,6.95,20,4.12,48.1,0,0.09
6/10/2021,2021,6/10/2021-1-CWMN,June,THB033,0.0631,6.84,689,8.6,88,0,0.09
6/10/2021,2021,6/10/2021-1-CWMN,June,NER040,0.145,6.2,187,3.53,37,0,0.09
6/10/2021,2021,6/10/2021-1-CWMN,June,SHB021,0.0463,6.73,52,6.91,79.1,0,0.09
6/10/2021,2021,6/10/2021-1-CWMN,June,SPB016,0.0553,6.74,30,5.55,65.1,0,0.09
6/10/2021,2021,6/10/2021-1-CWMN,June,WIP003,0.0299,6.92,292,,,0,0.09
6/10/2021,2021,6/10/2021-1-CWMN,June,MIB030,0.114,6.89,345,3.87,39.4,0,0.09
6/10/2021,2021,6/10/2021-1-CWMN,June,NER179,0.0764,6.71,228,6.3,74,0,0.09
6/10/2021,2021,6/10/2021-1-CWMN,June,PTB047,0.0536,6.33,538,6.6,73,0,0.09
6/10/2021,2021,6/10/2021-1-CWMN,June,NER150,0.0599,6.75,134,4.08,48.3,0,0.09
6/10/2021,2021,6/10/2021-1-CWMN,June,MOB032,0.0894,6.11,399,5.1,62,0,0.09
6/10/2021,2021,6/10/2021-1-CWMN,June,UNB014,0.122,6.83,1460,8.3,79,0,0.09
6/10/2021,2021,6/10/2021-1-CWMN,June,UNB002,0.152,6.28,959,5.1,52,0,0.09
6/10/2021,2021,6/10/2021-1-CWMN,June,NER185,0.0614,6.59,211,6.3,75,0,0.09
6/10/2021,2021,6/10/2021-1-CWMN,June,PTB028,0.057,6.78,30,4.2,48,0,0.09
6/10/2021,2021,6/10/2021-1-CWMN,June,NER200,0.0735,6.7,278,7.5,88,0,0.09
6/10/2021,2021,6/10/2021-1-CWMN,June,PTB035,0.0925,6.43,292,4.8,54,0,0.09
6/10/2021,2021,6/10/2021-1-CWMN,June,UNB016,0.0692,6.32,706,9.5,92,0,0.09
6/10/2021,2021,6/10/2021-1-CWMN,June,MOB001,0.0968,6.52,171,5.7,70,0,0.09
6/10/2021,2021,6/10/2021-1-CWMN,June,MLB024,0.113,6.78,160,7.76,81.9,0,0.09
6/10/2021,2021,6/10/2021-1-CWMN,June,MEB001,0.0652,6.64,318,9.12,93.6,0,0.09
6/10/2021,2021,6/10/2021-1-CWMN,June,NER075,0.0615,6.7,85,6.45,77.8,0,0.09
6/10/2021,2021,6/10/2021-1-CWMN,June,NER080,0,6.83,389,6.88,81.7,0,0.09
6/10/2021,2021,6/10/2021-1-CWMN,June,PUB022,0.0583,6.46,624,8.32,93.6,0,0.09
6/10/2021,2021,6/10/2021-1-CWMN,June,HAB006,0.0489,6.82,241,,,0,0.09
6/10/2021,2021,6/10/2021-1-CWMN,June,HAB010,0.0574,6.11,776,6.75,77.5,0,0.09
6/10/2021,2021,6/10/2021-1-CWMN,June,GEB020,0.0551,6.85,285,7.41,77.6,0,0.09
6/10/2021,2021,6/10/2021-1-CWMN,June,HAB002,0.0857,6.74,420,6.48,77.5,0,0.09
6/10/2021,2021,6/10/2021-1-CWMN,June,PQB040,0.0321,6.73,148,6.92,79,0,0.09
6/10/2021,2021,6/10/2021-1-CWMN,June,BEB025,0.082,6.86,108,5.71,62.3,0,0.09
6/10/2021,2021,6/10/2021-1-CWMN,June,NER125,0.0589,6.76,183,1.62,19.2,0,0.09
6/10/2021,2021,6/10/2021-1-CWMN,June,MPB088,0.0493,6.69,109,6.97,78.6,0,0.09
6/10/2021,2021,6/10/2021-1-CWMN,June,EAB010,0.0602,6.71,110,7.9,92.2,0,0.09
6/10/2021,2021,6/10/2021-1-CWMN,June,BMB026,0.061,6.47,379,6.23,71,0,0.09
6/10/2021,2021,6/10/2021-1-CWMN,June,PEB008,0.0873,6.35,86,6.24,68.4,0,0.09
6/10/2021,2021,6/10/2021-1-CWMN,June,MPB037,0.0496,6.92,63,5.8,69.2,0,0.09
6/10/2021,2021,6/10/2021-1-CWMN,June,WIP002,0.0289,6.91,41,6.7,80.3,0,0.09
6/10/2021,2021,6/10/2021-1-CWMN,June,POB040,0.0802,6.92,345,4.74,50.8,0,0.09
6/10/2021,2021,6/10/2021-1-CWMN,June,SMB001,0.0374,7.02,74,4.6,49.9,0,0.09
6/10/2021,2021,6/10/2021-1-CWMN,June,PQB036,,,,0.97,11,0,0.09
7/8/2021,2021,7/8/2021-1-CWMN,July,NER075,0.0707,6.97,345,7.1,81.8,1.22,1.52
7/8/2021,2021,7/8/2021-1-CWMN,July,MLB024,0.104,6.95,2190,7.63,83.1,1.22,1.52
7/8/2021,2021,7/8/2021-1-CWMN,July,GEB020,0.12,7.03,7700,7.92,85.1,1.22,1.52
7/8/2021,2021,7/8/2021-1-CWMN,July,HAB006,0.0646,6.95,3450,,,1.22,1.52
7/8/2021,2021,7/8/2021-1-CWMN,July,HAB002,0.0524,7.14,426,7.64,87.9,1.22,1.52
7/8/2021,2021,7/8/2021-1-CWMN,July,PUB022,0.0768,7.22,1230,8.81,96.3,1.22,1.52
7/8/2021,2021,7/8/2021-1-CWMN,July,NER080,0.0706,7.14,3450,7.6,87,1.22,1.52
7/8/2021,2021,7/8/2021-1-CWMN,July,MEB001,0.106,7.11,10500,8.52,91.9,1.22,1.52
7/8/2021,2021,7/8/2021-1-CWMN,July,NER185,0.0756,6.89,1140,7.91,91.2,1.22,1.52
7/8/2021,2021,7/8/2021-1-CWMN,July,NER040,0.104,7.19,520,4.91,58.1,1.22,1.52
7/8/2021,2021,7/8/2021-1-CWMN,July,SMB001,0.0509,7.42,134,1.21,14.7,1.22,1.52
7/8/2021,2021,7/8/2021-1-CWMN,July,WIP003,0.0286,7.28,62,,,1.22,1.52
7/8/2021,2021,7/8/2021-1-CWMN,July,NER002,0.44,6.95,135,3.02,38.5,1.22,1.52
7/8/2021,2021,7/8/2021-1-CWMN,July,SPB016,0.0571,7.07,3260,5,62.3,1.22,1.52
7/8/2021,2021,7/8/2021-1-CWMN,July,SHB021,0.0622,6.35,2190,7.48,84.4,1.22,1.52
7/8/2021,2021,7/8/2021-1-CWMN,July,MIB030,0.117,7.44,537,3.33,38.6,1.22,1.52
7/8/2021,2021,7/8/2021-1-CWMN,July,PTB028,0.0608,7.34,1860,5.56,60.5,1.22,1.52
7/8/2021,2021,7/8/2021-1-CWMN,July,MOB032,0.0855,7.29,1720,7.8,90.1,1.22,1.52
7/8/2021,2021,7/8/2021-1-CWMN,July,UNB014,0.106,6.28,9800,8.68,91.5,1.22,1.52
7/8/2021,2021,7/8/2021-1-CWMN,July,PTB035,0.0743,7.27,3260,6.32,68.8,1.22,1.52
7/8/2021,2021,7/8/2021-1-CWMN,July,NER150,0.0649,7.24,472,4.13,47.3,1.22,1.52
7/8/2021,2021,7/8/2021-1-CWMN,July,PTB047,0.0647,7.31,4880,7.55,82.5,1.22,1.52
7/8/2021,2021,7/8/2021-1-CWMN,July,UNB016,0.0913,7.25,24200,8.75,93.1,1.22,1.52
7/8/2021,2021,7/8/2021-1-CWMN,July,NER200,0.0715,7.28,1260,8.66,98.4,1.22,1.52
7/8/2021,2021,7/8/2021-1-CWMN,July,NER179,0.0764,7.18,1050,7.61,87.5,1.22,1.52
7/8/2021,2021,7/8/2021-1-CWMN,July,HAB010,0.0578,7.2,4110,7.89,88.9,1.22,1.52
7/8/2021,2021,7/8/2021-1-CWMN,July,PQB036,0.0642,6.62,717,2.18,24.1,1.22,1.52
7/8/2021,2021,7/8/2021-1-CWMN,July,MOB001,0.077,7,437,6.93,80,1.22,1.52
7/8/2021,2021,7/8/2021-1-CWMN,July,PQB040,0.0324,7.1,1050,7.96,87,1.22,1.52
7/8/2021,2021,7/8/2021-1-CWMN,July,THB033,0.13,7.08,8660,8.31,89,1.22,1.52
7/8/2021,2021,7/8/2021-1-CWMN,July,NER125,0.0788,6.73,464,,,1.22,1.52
7/8/2021,2021,7/8/2021-1-CWMN,July,MPB088,0.0436,7.04,1380,6.98,78.7,1.22,1.52
7/8/2021,2021,7/8/2021-1-CWMN,July,WIP002,0.032,7.13,292,5.92,71.4,1.22,1.52
7/8/2021,2021,7/8/2021-1-CWMN,July,BMB026,0.0546,7.04,4880,6.76,77,1.22,1.52
7/8/2021,2021,7/8/2021-1-CWMN,July,PEB008,0.0989,6.99,1610,4.13,47.3,1.22,1.52
7/8/2021,2021,7/8/2021-1-CWMN,July,BEB025,0.0929,7.41,6130,,,1.22,1.52
7/8/2021,2021,7/8/2021-1-CWMN,July,POB040,0.0968,6.91,1620,6.05,66.6,1.22,1.52
7/8/2021,2021,7/8/2021-1-CWMN,July,MPB037,0.0476,7.27,246,7.59,88.9,1.22,1.52
7/8/2021,2021,7/8/2021-1-CWMN,July,EAB010,0.0519,6.7,2010,8.69,99.2,1.22,1.52
7/8/2021,2021,7/8/2021-1-CWMN,July,UNB002,,,,6.65,71.2,1.22,1.52
7/8/2021,2021,7/8/2021-1-CWMN,July,MMB106,,,,4.42,56.7,1.22,1.52
8/12/2021,2021,08/12/2021-1-CWMN,August,NER075,0.0618,7.58,121,6.64,79.7,0,0
8/12/2021,2021,08/12/2021-1-CWMN,August,MEB001,0.0903,7.41,556,7.86,85,0,0
8/12/2021,2021,08/12/2021-1-CWMN,August,NER080,0.0558,7.48,265,7.1,85,0,0
8/12/2021,2021,08/12/2021-1-CWMN,August,HAB002,0.0387,7.8,31,6.52,78.1,0,0
8/12/2021,2021,08/12/2021-1-CWMN,August,PUB022,0.0648,7.66,146,7.55,86.9,0,0
8/12/2021,2021,08/12/2021-1-CWMN,August,HAB006,0.11,7.65,85,,,0,0
8/12/2021,2021,08/12/2021-1-CWMN,August,MLB024,0.0665,7.7,146,7.14,80.3,0,0
8/12/2021,2021,08/12/2021-1-CWMN,August,HAB010,0.0442,7.48,187,6.64,78.5,0,0
8/12/2021,2021,08/12/2021-1-CWMN,August,GEB020,0.0553,7.6,1940,7.32,80.7,0,0
8/12/2021,2021,08/12/2021-1-CWMN,August,NER185,0.0722,7.25,171,7.01,83.5,0,0
8/12/2021,2021,08/12/2021-1-CWMN,August,UNB002,0.0936,7.16,2100,6.89,75,0,0
8/12/2021,2021,08/12/2021-1-CWMN,August,PTB035,0.0588,7.32,213,6.9,78.9,0,0
8/12/2021,2021,08/12/2021-1-CWMN,August,NER179,0.0702,7.21,98,6.92,82.2,0,0
8/12/2021,2021,08/12/2021-1-CWMN,August,PTB047,0.0515,7.35,389,6.84,78.3,0,0
8/12/2021,2021,08/12/2021-1-CWMN,August,NER150,0.0593,7.26,85,4.9,58.2,0,0
8/12/2021,2021,08/12/2021-1-CWMN,August,NER200,0.0611,6.74,187,7.54,89.2,0,0
8/12/2021,2021,08/12/2021-1-CWMN,August,UNB016,0.0701,,107,9.45,98.2,0,0
8/12/2021,2021,08/12/2021-1-CWMN,August,MOB032,0.0845,7.25,158,5.94,72.1,0,0
8/12/2021,2021,08/12/2021-1-CWMN,August,UNB014,0.0549,7.11,457,8.84,91.4,0,0
8/12/2021,2021,08/12/2021-1-CWMN,August,SMB001,0.0535,7.33,85,4.11,48.3,0,0
8/12/2021,2021,08/12/2021-1-CWMN,August,NER040,0.102,6.99,86,1.58,18.5,0,0
8/12/2021,2021,08/12/2021-1-CWMN,August,MMB106,0.0932,8.44,10,4.45,54.9,0,0
8/12/2021,2021,08/12/2021-1-CWMN,August,WIP003,0.0378,7.08,10,,,0,0
8/12/2021,2021,08/12/2021-1-CWMN,August,SHB021,0.0316,7.02,97,7,82.2,0,0
8/12/2021,2021,08/12/2021-1-CWMN,August,SPB016,0.0692,7.15,96,5.6,69.5,0,0
8/12/2021,2021,08/12/2021-1-CWMN,August,WIP002,0.0365,7.4,52,6.6,81.3,0,0
8/12/2021,2021,08/12/2021-1-CWMN,August,NER002,0.32,6.99,20,0.86,10.27,0,0
8/12/2021,2021,08/12/2021-1-CWMN,August,MIB030,0.111,7.37,30,3.24,36.1,0,0
8/12/2021,2021,08/12/2021-1-CWMN,August,PQB036,0.0668,7.26,771,1.13,13.2,0,0
8/12/2021,2021,08/12/2021-1-CWMN,August,PQB040,0.0399,7.8,384,6.31,76.2,0,0
8/12/2021,2021,08/12/2021-1-CWMN,August,MOB001,0.0831,7.27,121,6.42,77.7,0,0
8/12/2021,2021,08/12/2021-1-CWMN,August,THB033,0.0502,7.02,754,8.22,88.2,0,0
8/12/2021,2021,08/12/2021-1-CWMN,August,MPB088,0.0471,6.52,410,6.31,71.4,0,0
8/12/2021,2021,08/12/2021-1-CWMN,August,PTB028,0.0614,7.21,31,5.58,63.7,0,0
8/12/2021,2021,08/12/2021-1-CWMN,August,BMB026,0.0508,6.83,432,6.41,75.6,0,0
8/12/2021,2021,08/12/2021-1-CWMN,August,NER125,0.0597,6.01,98,5.22,62.8,0,0
8/12/2021,2021,08/12/2021-1-CWMN,August,PEB008,0.0752,6.95,305,6.65,77.1,0,0
8/12/2021,2021,08/12/2021-1-CWMN,August,MPB037,0.0261,7.43,10,7.8,94.5,0,0
8/12/2021,2021,08/12/2021-1-CWMN,August,BEB025,0.072,7.25,272,6.01,69.8,0,0
8/12/2021,2021,08/12/2021-1-CWMN,August,POB040,0.0687,6.68,122,4.03,46.3,0,0
8/12/2021,2021,08/12/2021-1-CWMN,August,EAB010,0.0489,7.58,121,8.13,97.2,0,0
9/9/2021,2021,09/09/2021-1-CWMN,September,NER080,0.075,6.97,336,8.2,92.3,0.06,0.06
9/9/2021,2021,09/09/2021-1-CWMN,September,PQB036,0.0698,6.9,1860,1.67,18.4,0.06,0.06
9/9/2021,2021,09/09/2021-1-CWMN,September,PQB040,0.0513,7.08,907,6.5,75,0.06,0.06
9/9/2021,2021,09/09/2021-1-CWMN,September,MOB001,0.0983,7.17,354,6.96,78.7,0.06,0.06
9/9/2021,2021,09/09/2021-1-CWMN,September,BEB025,0.0764,6.91,218,6,68,0.06,0.06
9/9/2021,2021,09/09/2021-1-CWMN,September,THB033,0.0672,6.29,839,7.08,79.1,0.06,0.06
9/9/2021,2021,09/09/2021-1-CWMN,September,MPB088,0.102,7.19,886,7,79,0.06,0.06
9/9/2021,2021,09/09/2021-1-CWMN,September,PEB008,0.0789,6.74,189,7.01,77.2,0.06,0.06
9/9/2021,2021,09/09/2021-1-CWMN,September,MPB037,0.0328,7.34,156,6.3,72,0.06,0.06
9/9/2021,2021,09/09/2021-1-CWMN,September,BMB026,0.0726,6.85,314,5.3,60,0.06,0.06
9/9/2021,2021,09/09/2021-1-CWMN,September,POB040,0.0794,7.08,121,4.87,53,0.06,0.06
9/9/2021,2021,09/09/2021-1-CWMN,September,NER125,0.0753,6.69,120,4,44.8,0.06,0.06
9/9/2021,2021,09/09/2021-1-CWMN,September,NER075,0.076,8.22,130,7.42,82.9,0.06,0.06
9/9/2021,2021,09/09/2021-1-CWMN,September,EAB010,,7.14,145,8.63,98,0.06,0.06
9/9/2021,2021,09/09/2021-1-CWMN,September,MEB001,0.538,7.12,323,8.28,93.8,0.06,0.06
9/9/2021,2021,09/09/2021-1-CWMN,September,PUB022,0.185,7.44,74,7.27,80.2,0.06,0.06
9/9/2021,2021,09/09/2021-1-CWMN,September,HAB010,0.0593,7.19,24200,8.14,92.4,0.06,0.06
9/9/2021,2021,09/09/2021-1-CWMN,September,HAB002,0.0529,7.18,52,7.93,90.9,0.06,0.06
9/9/2021,2021,09/09/2021-1-CWMN,September,MLB024,0.0671,7.3,9210,8.19,88.6,0.06,0.06
9/9/2021,2021,09/09/2021-1-CWMN,September,GEB020,0.0872,7.21,1260,7.9,85.6,0.06,0.06
9/9/2021,2021,09/09/2021-1-CWMN,September,NER040,0.109,6.9,201,3.51,38.6,0.06,0.06
9/9/2021,2021,09/09/2021-1-CWMN,September,SMB001,0.0572,7.3,63,5.38,59,0.06,0.06
9/9/2021,2021,09/09/2021-1-CWMN,September,SPB016,0.0474,6.98,41,6.58,75.6,0.06,0.06
9/9/2021,2021,09/09/2021-1-CWMN,September,WIP003,0.0445,6.99,10,,,0.06,0.06
9/9/2021,2021,09/09/2021-1-CWMN,September,NER002,0.28,7.01,41,4.75,54,0.06,0.06
9/9/2021,2021,09/09/2021-1-CWMN,September,WIP002,0.0487,7.15,131,5,57.5,0.06,0.06
9/9/2021,2021,09/09/2021-1-CWMN,September,SHB021,0.055,7.25,233,7.3,84,0.06,0.06
9/9/2021,2021,09/09/2021-1-CWMN,September,MIB030,0.105,7.2,185,3.85,40.9,0.06,0.06
9/9/2021,2021,09/09/2021-1-CWMN,September,HAB006,0.0658,7.25,683,,,0.06,0.06
9/9/2021,2021,09/09/2021-1-CWMN,September,PTB028,0.166,8.5,8160,6.64,72.5,0.06,0.06
9/9/2021,2021,09/09/2021-1-CWMN,September,PTB035,0.0926,7.48,798,7.3,80,0.06,0.06
9/9/2021,2021,09/09/2021-1-CWMN,September,NER185,0.0911,7,538,7.97,89.5,0.06,0.06
9/9/2021,2021,09/09/2021-1-CWMN,September,NER150,0.107,6.97,3870,4.69,52.3,0.06,0.06
9/9/2021,2021,09/09/2021-1-CWMN,September,UNB014,0.227,7.86,17300,7.55,79.8,0.06,0.06
9/9/2021,2021,09/09/2021-1-CWMN,September,UNB002,0.113,7.18,3870,6.19,68.2,0.06,0.06
9/9/2021,2021,09/09/2021-1-CWMN,September,NER200,0.0875,7.42,441,7.92,88.7,0.06,0.06
9/9/2021,2021,09/09/2021-1-CWMN,September,NER179,0.0807,7.28,546,7.86,88.2,0.06,0.06
9/9/2021,2021,09/09/2021-1-CWMN,September,PTB047,0.105,7.34,3260,8.02,87.8,0.06,0.06
9/9/2021,2021,09/09/2021-1-CWMN,September,UNB016,0.175,7.16,24200,8.38,92.1,0.06,0.06
9/9/2021,2021,09/09/2021-1-CWMN,September,MOB032,0.0839,7.24,160,7.86,88.2,0.06,0.06
9/9/2021,2021,09/09/2021-1-CWMN,September,MMB106,,,,3.45,38.5,0.06,0.06
10/14/2021,2021,10/14/2021-1-CWMN,October,NER040,,6.32,,,,0,0
10/14/2021,2021,10/14/2021-1-CWMN,October,SHB021,,6.55,,9.61,88.3,0,0
10/14/2021,2021,10/14/2021-1-CWMN,October,POB040,,6.26,,7.14,70.2,0,0
10/14/2021,2021,10/14/2021-1-CWMN,October,MMB106,,5.94,,,,0,0
10/14/2021,2021,10/14/2021-1-CWMN,October,BMB026,,6.33,,4.28,46.2,0,0
10/14/2021,2021,10/14/2021-1-CWMN,October,NER125,,6.3,,7.49,77.3,0,0
10/14/2021,2021,10/14/2021-1-CWMN,October,MPB037,,6.35,,8.88,82.9,0,0
10/14/2021,2021,10/14/2021-1-CWMN,October,THB033,,6.54,,9.76,95.6,0,0
10/14/2021,2021,10/14/2021-1-CWMN,October,MOB001,,6.26,,8.32,86,0,0
10/14/2021,2021,10/14/2021-1-CWMN,October,EAB010,,6.69,,9.4,97,0,0
10/14/2021,2021,10/14/2021-1-CWMN,October,PQB040,,6.53,,14.2,13.9,0,0
10/14/2021,2021,10/14/2021-1-CWMN,October,PTB035,,6.18,,6.87,69.2,0,0
10/14/2021,2021,10/14/2021-1-CWMN,October,MOB032,,6.43,,8.6,89.3,0,0
10/14/2021,2021,10/14/2021-1-CWMN,October,PTB047,,6.41,,8.41,85,0,0
10/14/2021,2021,10/14/2021-1-CWMN,October,NER150,,6.08,,8.7,87.5,0,0
10/14/2021,2021,10/14/2021-1-CWMN,October,UNB016,,6.4,,9,91.7,0,0
10/14/2021,2021,10/14/2021-1-CWMN,October,UNB014,,6.37,,8.9,88.6,0,0
10/14/2021,2021,10/14/2021-1-CWMN,October,NER185,,6.44,,8.65,89.5,0,0
10/14/2021,2021,10/14/2021-1-CWMN,October,UNB002,,6.19,,7.92,78.7,0,0
10/14/2021,2021,10/14/2021-1-CWMN,October,NER179,,6.46,,8.78,90.8,0,0
10/14/2021,2021,10/14/2021-1-CWMN,October,NER200,,6.57,,8.86,91.1,0,0
10/14/2021,2021,10/14/2021-1-CWMN,October,PUB022,,6.56,,9.7,99,0,0
10/14/2021,2021,10/14/2021-1-CWMN,October,NER080,,6.65,,9.2,95,0,0
10/14/2021,2021,10/14/2021-1-CWMN,October,GEB020,,6.73,,9.15,90.9,0,0
10/14/2021,2021,10/14/2021-1-CWMN,October,HAB010,,6.55,,9.3,96,0,0
10/14/2021,2021,10/14/2021-1-CWMN,October,PEB008,,6.22,,8.88,88.5,0,0
10/14/2021,2021,10/14/2021-1-CWMN,October,HAB006,,6.61,,,,0,0
10/14/2021,2021,10/14/2021-1-CWMN,October,MLB024,,6.26,,9.08,90.2,0,0
10/14/2021,2021,10/14/2021-1-CWMN,October,HAB002,,6.56,,8.8,92.3,0,0
10/14/2021,2021,10/14/2021-1-CWMN,October,PQB036,,5.95,,3.26,32.1,0,0
10/14/2021,2021,10/14/2021-1-CWMN,October,NER075,,6.64,,8.6,88.5,0,0
10/14/2021,2021,10/14/2021-1-CWMN,October,PTB028,,6.23,,7.56,75.9,0,0
10/14/2021,2021,10/14/2021-1-CWMN,October,MPB088,,6.41,,7.23,70.2,0,0
10/14/2021,2021,10/14/2021-1-CWMN,October,MEB001,,6.7,,9.4,94,0,0
10/14/2021,2021,10/14/2021-1-CWMN,October,WIP002,,6.45,,6.54,70,0,0
10/14/2021,2021,10/14/2021-1-CWMN,October,MIB030,,5.87,,,,0,0
10/14/2021,2021,10/14/2021-1-CWMN,October,WIP003,,6.58,,,,0,0
10/14/2021,2021,10/14/2021-1-CWMN,October,NER002,,6.67,,,,0,0
10/14/2021,2021,10/14/2021-1-CWMN,October,SPB016,,6.54,,,,0,0
10/14/2021,2021,10/14/2021-1-CWMN,October,SMB001,,5.87,,,,0,0
10/14/2021,2021,10/14/2021-1-CWMN,October,BEB025,,,,8.96,86.9,0,0
